{
    "users": [
        {
          "id": 1,
          "nombre": "Sebastian"
        },
        {
          "id": 2,
          "nombre": "Rodrigo"
        },
        {
          "id": 3,
          "nombre": "German"
        },
        {
          "id": 4,
          "nombre": "Julio"
        },
        {
          "id": 5,
          "nombre": "Gerardo"
        }
      ],
      "post": [
        {
          "id": 1,
          "titulo": "Lorem Ipsum is simply dummy text of the printing and typesetting industry. Lorem Ipsum has been the industry's standard dummy text ever since the 1500s, when an unknown printer took a galley of type and scrambled it to make a type specimen book. It has survived not only five centuries, but also the leap into electronic typesetting, remaining essentially unchanged. It was popularised in the 1960s with the release of Letraset sheets containing"
        },
        {
          "id": 2,
          "titulo": "Contrary to popular belief, Lorem Ipsum is not simply random text. It has roots in a piece of classical Latin literature from 45 BC, making it over 2000 years old. Richard McClintock, a Latin professor at Hampden-Sydney College in Virginia, looked up one of the more obscure Lati"
        },
        {
          "id": 3,
          "titulo": "It is a long established fact that a reader will be distracted by the readable content of a page when looking at its layout. The point of using Lorem Ipsum is that it has a more-or-less normal distribution of letters, as opposed to using"
        },
        {
          "id": 4,
          "titulo": "There are many variations of passages of Lorem Ipsum available, but the majority have suffered alteration in some form, by injected humour, or randomised words which don't look even slightly believable. If you are going to use a passage"
        },
        {
          "id": 5,
          "titulo": "The standard chunk of Lorem Ipsum used since the 1500s is reproduced below for those interested. Sections 1.10.32 and 1.10.33 from"
        }
      ]
}